<?xml version="1.0" encoding="UTF-8"?>
<project-private xmlns="http://www.netbeans.org/ns/project-private/1">
    <editor-bookmarks xmlns="http://www.netbeans.org/ns/editor-bookmarks/2" lastBookmarkId="0"/>
    <open-files xmlns="http://www.netbeans.org/ns/projectui-open-files/2">
        <group>
            <file>file:/C:/Users/Zulfiqar%20123/Desktop/projectjava/src/projectjava/Reviewbox.java</file>
            <file>file:/C:/Users/Zulfiqar%20123/Desktop/projectjava/src/projectjava/signuppage.java</file>
            <file>file:/C:/Users/Zulfiqar%20123/Desktop/projectjava/src/projectjava/orderForm1.java</file>
            <file>file:/C:/Users/Zulfiqar%20123/Desktop/projectjava/src/projectjava/displayform.java</file>
            <file>file:/C:/Users/Zulfiqar%20123/Desktop/projectjava/src/projectjava/orderList.java</file>
            <file>file:/C:/Users/Zulfiqar%20123/Desktop/projectjava/src/projectjava/DASHBOARD.java</file>
            <file>file:/C:/Users/Zulfiqar%20123/Desktop/projectjava/src/projectjava/loginpage.java</file>
            <file>file:/C:/Users/Zulfiqar%20123/Desktop/projectjava/src/projectjava/Product.java</file>
            <file>file:/C:/Users/Zulfiqar%20123/Desktop/projectjava/src/projectjava/showProduct.java</file>
        </group>
    </open-files>
</project-private>
